x_m,y_m
0.2497,-0.1220
0.4336,0.3427
0.6183,0.8073
0.8047,1.2709
0.9924,1.7343
1.1800,2.1975
1.3669,2.6611
1.5523,3.1252
1.7363,3.5900
1.9192,4.0551
2.1032,4.5199
2.2898,4.9835
2.4761,5.4474
2.6592,5.9124
2.8406,6.3783
3.0223,6.8438
3.2044,7.3094
3.3856,7.7752
3.5646,8.2419
3.7401,8.7098
3.9143,9.1784
4.0895,9.6465
4.2657,10.1142
4.4425,10.5817
4.6196,11.0492
4.7966,11.5166
4.9737,11.9840
5.1511,12.4513
5.3301,12.9180
5.5116,13.3837
5.6936,13.8492
5.8739,14.3154
6.0552,14.7812
6.2399,15.2457
6.4168,15.7130
6.5719,16.1874
6.7062,16.6693
6.8283,17.1552
6.9617,17.6363
7.1319,18.1057
7.3251,18.5667
7.5150,19.0291
7.6996,19.4935
7.8868,19.9570
8.0757,20.4198
8.2619,20.8837
8.4459,21.3483
8.6306,21.8128
8.8162,22.2769
9.0020,22.7411
9.1864,23.2055
9.3682,23.6713
9.5491,24.1371
9.7321,24.6023
9.9158,25.0670
10.0978,25.5325
10.2802,25.9978
10.4663,26.4612
10.6559,26.9240
10.8459,27.3850
11.0392,27.8468
11.2364,28.3047
11.4383,28.7631
11.6445,29.2217
11.8728,29.6654
12.1557,30.0814
12.4975,30.4416
12.9069,30.7357
13.3554,30.9421
13.8475,31.0637
14.3338,31.1054
14.8252,31.0937
15.3134,31.0497
15.8079,30.9638
16.2895,30.8068
16.7383,30.5823
17.1588,30.2910
17.5312,29.9439
17.8397,29.5681
18.1055,29.1290
18.2871,28.6803
18.3970,28.1953
18.4276,27.6985
18.3885,27.2024
18.2930,26.7082
18.1568,26.2279
17.9956,25.7535
17.8232,25.2848
17.6463,24.8169
17.4690,24.3499
17.2892,23.8828
17.1075,23.4173
16.9267,22.9506
16.7483,22.4834
16.5684,22.0168
16.3848,21.5511
16.1996,21.0877
16.0128,20.6230
15.8254,20.1609
15.6362,19.6974
15.4492,19.2349
15.2646,18.7700
15.0808,18.3057
14.8967,17.8407
14.7185,17.3741
14.5495,16.9037
14.3868,16.4312
14.2292,15.9568
14.0826,15.4791
13.9500,14.9974
13.8283,14.5125
13.7170,14.0254
13.6211,13.5349
13.5425,13.0417
13.4757,12.5461
13.4178,12.0501
13.3717,11.5521
13.3394,11.0539
13.3207,10.5539
13.3133,10.0548
13.3099,9.5541
13.3073,9.0552
13.3101,8.5541
13.3198,8.0542
13.3253,7.5542
13.3155,7.0522
13.2850,6.5558
13.2271,6.0545
13.1332,5.5686
12.9888,5.0834
12.8018,4.6262
12.5650,4.1780
12.2901,3.7679
11.9676,3.3872
11.6093,3.0492
11.2088,2.7448
10.7908,2.4868
10.3369,2.2571
9.8846,2.0652
9.4106,1.8812
8.9499,1.7050
8.4759,1.5268
8.0095,1.3567
7.5370,1.1862
7.0662,1.0142
6.5957,0.8438
6.1211,0.6814
5.6441,0.5271
5.1704,0.3724
4.6942,0.2060
4.2329,0.0300
3.7661,-0.1692
3.3268,-0.3899
2.8969,-0.6575
2.5115,-0.9650
2.1682,-1.3291
1.8915,-1.7396
1.6897,-2.1919
1.5665,-2.6764
1.5199,-3.1715
1.5427,-3.6761
1.6321,-4.1664
1.7929,-4.6427
2.0230,-5.0874
2.3126,-5.4936
2.6609,-5.8620
3.0427,-6.1721
3.4733,-6.4371
3.9236,-6.6366
4.3968,-6.7715
4.8974,-6.8281
5.3831,-6.8060
5.8908,-6.7246
6.3764,-6.6064
6.8572,-6.4620
7.3404,-6.2995
7.8112,-6.1300
8.2772,-5.9548
8.7437,-5.7765
9.2055,-5.6035
9.6742,-5.4330
10.1401,-5.2633
10.6110,-5.0927
11.0799,-4.9282
11.5558,-4.7653
12.0275,-4.6043
12.5023,-4.4421
12.9750,-4.2816
13.4505,-4.1241
13.9274,-3.9731
14.4058,-3.8273
14.8856,-3.6833
15.3650,-3.5423
15.8470,-3.4067
16.3298,-3.2780
16.8142,-3.1547
17.3000,-3.0379
17.7878,-2.9304
18.2778,-2.8323
18.7690,-2.7407
19.2611,-2.6546
19.7544,-2.5746
20.2488,-2.5022
20.7444,-2.4394
21.2411,-2.3843
21.7382,-2.3329
22.2361,-2.2894
22.7348,-2.2616
23.2347,-2.2482
23.7341,-2.2443
24.2343,-2.2518
24.7329,-2.2747
25.2318,-2.3142
25.7277,-2.3693
26.2235,-2.4392
26.7154,-2.5218
27.2072,-2.6164
27.6949,-2.7203
28.1836,-2.8306
28.6695,-2.9423
29.1577,-3.0548
29.6442,-3.1655
30.1334,-3.2722
30.6228,-3.3713
31.1141,-3.4660
31.6051,-3.5599
32.0964,-3.6523
32.5889,-3.7401
33.0818,-3.8227
33.5760,-3.9005
34.0703,-3.9737
34.5657,-4.0423
35.0615,-4.1052
35.5583,-4.1610
36.0559,-4.2069
36.5549,-4.2390
37.0545,-4.2511
37.5538,-4.2345
38.0514,-4.1873
38.5460,-4.1147
39.0371,-4.0226
39.5249,-3.9176
40.0112,-3.8035
40.4954,-3.6825
40.9767,-3.5468
41.4483,-3.3845
41.9116,-3.1955
42.3669,-2.9901
42.8164,-2.7706
43.2579,-2.5374
43.6943,-2.2928
44.1274,-2.0431
44.5584,-1.7896
44.9864,-1.5306
45.4103,-1.2656
45.8305,-0.9941
46.2469,-0.7174
46.6612,-0.4374
47.0743,-0.1553
47.4853,0.1287
47.8971,0.4136
48.3112,0.6920
48.7338,0.9613
49.1613,1.2178
49.5986,1.4632
50.0409,1.6925
50.4936,1.9072
50.9507,2.1055
51.4156,2.2898
51.8856,2.4570
52.3623,2.6070
52.8435,2.7410
53.3282,2.8618
53.8153,2.9734
54.3044,3.0759
54.7962,3.1660
55.2906,3.2400
55.7875,3.2944
56.2863,3.3278
56.7859,3.3408
57.2858,3.3378
57.7856,3.3261
58.2852,3.3088
58.7846,3.2864
59.2838,3.2601
59.7830,3.2323
60.2821,3.2039
60.7812,3.1745
61.2801,3.1443
61.7793,3.1142
62.2785,3.0868
62.7782,3.0663
63.2778,3.0514
63.7775,3.0359
64.2770,3.0198
64.7766,3.0092
65.2761,3.0013
65.7754,2.9860
66.2745,2.9619
66.7728,2.9338
67.2716,2.8991
67.7674,2.8516
68.2641,2.7873
68.7548,2.7052
69.2451,2.5996
69.7261,2.4669
70.2002,2.3050
70.6635,2.1152
71.1150,1.9002
71.5566,1.6630
71.9844,1.4043
72.3961,1.1196
72.7889,0.8097
73.1642,0.4787
73.5216,0.1283
73.8572,-0.2411
74.1699,-0.6302
74.4591,-1.0364
74.7239,-1.4588
74.9624,-1.8965
75.1747,-2.3494
75.3593,-2.8118
75.5164,-3.2876
75.6427,-3.7691
75.7412,-4.2604
75.8119,-4.7538
75.8558,-5.2528
75.8714,-5.7517
75.8562,-6.2521
75.8098,-6.7492
75.7352,-7.2443
75.6348,-7.7336
75.5082,-8.2178
75.3562,-8.6937
75.1796,-9.1619
74.9801,-9.6204
74.7588,-10.0688
74.5182,-10.5079
74.2648,-10.9381
74.0017,-11.3643
73.7341,-11.7848
73.4610,-12.2039
73.1827,-12.6180
72.8989,-13.0294
72.6154,-13.4407
72.3344,-13.8539
72.0527,-14.2667
71.7695,-14.6783
71.4880,-15.0916
71.2095,-15.5065
70.9315,-15.9221
70.6542,-16.3378
70.3807,-16.7563
70.1121,-17.1778
69.8463,-17.6012
69.5844,-18.0268
69.3305,-18.4572
69.0871,-18.8936
68.8538,-19.3356
68.6303,-19.7824
68.4155,-20.2335
68.2090,-20.6879
68.0099,-21.1466
67.8165,-21.6060
67.6199,-22.0679
67.4189,-22.5247
67.2135,-22.9824
67.0066,-23.4398
66.7980,-23.8916
66.5805,-24.3486
66.3651,-24.7941
66.1453,-25.2518
65.9334,-25.6949
65.7158,-26.1490
65.5038,-26.5961
65.2838,-27.0431
65.0213,-27.4674
64.6973,-27.8475
64.3148,-28.1678
63.8848,-28.4229
63.4252,-28.6171
62.9450,-28.7590
62.4553,-28.8562
61.9581,-28.9156
61.4587,-28.9421
60.9584,-28.9426
60.4582,-28.9248
59.9594,-28.8963
59.4610,-28.8638
58.9626,-28.8281
58.4652,-28.7867
57.9674,-28.7383
57.4707,-28.6825
56.9751,-28.6157
56.4816,-28.5329
55.9925,-28.4301
55.5084,-28.3039
55.0309,-28.1564
54.5579,-27.9926
54.0910,-27.8149
53.6297,-27.6221
53.1749,-27.4161
52.7251,-27.1990
52.2805,-26.9713
51.8427,-26.7318
51.4104,-26.4806
50.9853,-26.2203
50.5651,-25.9480
50.1560,-25.6646
49.7533,-25.3661
49.3629,-25.0576
48.9770,-24.7375
48.5950,-24.4097
48.2253,-24.0719
47.8728,-23.7073
47.5572,-23.3206
47.2834,-22.9048
47.0679,-22.4604
46.9225,-21.9913
46.8633,-21.4896
46.9067,-20.9974
47.0574,-20.5169
47.3104,-20.0853
47.6313,-19.7028
47.9953,-19.3594
48.3820,-19.0491
48.7858,-18.7591
49.2071,-18.4885
49.6396,-18.2412
50.0885,-18.0143
50.5450,-17.8126
51.0150,-17.6340
51.4923,-17.4832
51.9776,-17.3637
52.4727,-17.2754
52.9649,-17.2083
53.4652,-17.1476
53.9565,-17.0847
54.4525,-17.0103
54.9433,-16.9290
55.4354,-16.8423
55.9249,-16.7472
56.4127,-16.6423
56.8987,-16.5301
57.3832,-16.4102
57.8642,-16.2790
58.3424,-16.1362
58.8203,-15.9838
59.2931,-15.8242
59.7671,-15.6532
60.2328,-15.4719
60.6940,-15.2767
61.1497,-15.0653
61.5928,-14.8386
62.0307,-14.5892
62.4475,-14.3183
62.8468,-14.0131
63.2116,-13.6750
63.5369,-13.2968
63.8159,-12.8841
64.0490,-12.4453
64.2387,-11.9824
64.3831,-11.5064
64.4814,-11.0149
64.5280,-10.5174
64.5193,-10.0169
64.4515,-9.5213
64.3262,-9.0375
64.1478,-8.5688
63.9170,-8.1254
63.6289,-7.7174
63.2867,-7.3522
62.9043,-7.0320
62.4885,-6.7557
62.0485,-6.5254
61.5862,-6.3372
61.1100,-6.1897
60.6223,-6.0805
60.1278,-6.0095
59.6297,-5.9656
59.1302,-5.9291
58.6320,-5.8904
58.1327,-5.8488
57.6344,-5.8062
57.1358,-5.7653
56.6371,-5.7271
56.1393,-5.6882
55.6407,-5.6474
55.1428,-5.6097
54.6436,-5.5779
54.1451,-5.5485
53.6457,-5.5185
53.1472,-5.4917
52.6471,-5.4718
52.1480,-5.4589
51.6477,-5.4523
51.1484,-5.4535
50.6483,-5.4640
50.1493,-5.4842
49.6499,-5.5132
49.1515,-5.5462
48.6524,-5.5789
48.1542,-5.6150
47.6563,-5.6604
47.1594,-5.7122
46.6621,-5.7654
46.1656,-5.8202
45.6690,-5.8791
45.1734,-5.9424
44.6780,-6.0098
44.1834,-6.0810
43.6891,-6.1558
43.1956,-6.2339
42.7022,-6.3146
42.2092,-6.3960
41.7157,-6.4760
41.2227,-6.5575
40.7304,-6.6439
40.2386,-6.7335
39.7471,-6.8239
39.2563,-6.9185
38.7672,-7.0212
38.2793,-7.1301
37.7923,-7.2421
37.3060,-7.3581
36.8214,-7.4799
36.3382,-7.6083
35.8572,-7.7433
35.3778,-7.8858
34.9008,-8.0345
34.4223,-8.1796
33.9406,-8.3108
33.4547,-8.4300
32.9681,-8.5431
32.4826,-8.6629
32.0024,-8.8006
31.5260,-8.9527
31.0525,-9.1121
30.5815,-9.2799
30.1145,-9.4577
29.6488,-9.6397
29.1820,-9.8183
28.7144,-9.9949
28.2474,-10.1730
27.7804,-10.3513
27.3126,-10.5272
26.8444,-10.7021
26.3770,-10.8793
25.9110,-11.0601
25.4467,-11.2452
24.9837,-11.4335
24.5213,-11.6235
24.0608,-11.8179
23.6041,-12.0210
23.1507,-12.2311
22.6980,-12.4433
22.2465,-12.6577
21.7975,-12.8781
21.3510,-13.1027
20.9031,-13.3264
20.4550,-13.5476
20.0069,-13.7705
19.5606,-13.9948
19.1128,-14.2191
18.6656,-14.4411
18.2166,-14.6618
17.7697,-14.8825
17.3260,-15.1073
16.8795,-15.3337
16.4008,-15.5554
15.9405,-15.6599
15.4732,-15.5164
15.0828,-15.2388
14.7198,-14.8670
14.4315,-14.4806
14.1220,-14.0635
13.7829,-13.6805
13.4201,-13.3467
13.0079,-13.0460
12.5845,-12.8075
12.1311,-12.6170
11.6442,-12.5034
11.1542,-12.4772
10.6426,-12.5248
10.1527,-12.6397
9.6893,-12.8170
9.2474,-13.0673
8.8664,-13.3754
8.5407,-13.7513
8.2850,-14.1799
8.1029,-14.6429
7.9998,-15.1341
7.9756,-15.6319
7.9980,-16.1331
8.0435,-16.6304
8.1108,-17.1255
8.1975,-17.6168
8.2950,-18.1083
8.3951,-18.5973
8.4967,-19.0875
8.5986,-19.5766
8.7007,-20.0664
8.8020,-20.5567
8.8995,-21.0460
8.9922,-21.5391
9.0821,-22.0289
9.1738,-22.5219
9.2633,-23.0120
9.3489,-23.5054
9.4347,-23.9968
9.5267,-24.4887
9.6207,-24.9790
9.7130,-25.4704
9.8062,-25.9613
9.9035,-26.4514
10.0025,-26.9414
10.1004,-27.4313
10.1970,-27.9219
10.2932,-28.4118
10.3919,-28.9022
10.4936,-29.3909
10.5939,-29.8811
10.6898,-30.3708
10.7873,-30.8618
10.8892,-31.3499
10.9921,-31.8402
11.0919,-32.3282
11.1925,-32.8198
11.2942,-33.3071
11.3963,-33.7987
11.4946,-34.2887
11.5897,-34.7796
11.6828,-35.2735
11.7735,-35.7635
11.8638,-36.2587
11.9466,-36.7491
12.0157,-37.2471
12.0680,-37.7409
12.1052,-38.2416
12.1132,-38.7373
12.0741,-39.2354
11.9788,-39.7247
11.8265,-40.1986
11.6247,-40.6565
11.3839,-41.0928
11.1085,-41.5116
10.7995,-41.9043
10.4469,-42.2588
10.0518,-42.5649
9.6213,-42.8211
9.1656,-43.0262
8.6903,-43.1827
8.2040,-43.2953
7.7118,-43.3735
7.2154,-43.4294
6.7204,-43.4751
6.2201,-43.5127
5.7237,-43.5386
5.2217,-43.5593
4.7241,-43.5824
4.2230,-43.6075
3.7234,-43.6306
3.2234,-43.6514
2.7226,-43.6712
2.2231,-43.6872
1.7228,-43.6948
1.2232,-43.6914
0.7236,-43.6764
0.2245,-43.6500
-0.2742,-43.6127
-0.7714,-43.5613
-1.2659,-43.4885
-1.7566,-43.3935
-2.2440,-43.2816
-2.7264,-43.1530
-3.2021,-43.0027
-3.6708,-42.8304
-4.1318,-42.6403
-4.5865,-42.4314
-5.0299,-42.2039
-5.4659,-41.9567
-5.8896,-41.6942
-6.3040,-41.4120
-6.7019,-41.1121
-7.0887,-40.7931
-7.4607,-40.4611
-7.8213,-40.1133
-8.1662,-39.7524
-8.4954,-39.3755
-8.8054,-38.9837
-9.0984,-38.5784
-9.3760,-38.1622
-9.6361,-37.7357
-9.8764,-37.2968
-10.0966,-36.8485
-10.2996,-36.3907
-10.4830,-35.9265
-10.6452,-35.4527
-10.7851,-34.9738
-10.9058,-34.4876
-11.0058,-33.9991
-11.0844,-33.5048
-11.1396,-33.0093
-11.1710,-32.5106
-11.1827,-32.0112
-11.1787,-31.5118
-11.1548,-31.0124
-11.1073,-30.5158
-11.0423,-30.0194
-10.9652,-29.5265
-10.8714,-29.0349
-10.7589,-28.5488
-10.6305,-28.0649
-10.4899,-27.5860
-10.3368,-27.1095
-10.1729,-26.6379
-10.0005,-26.1680
-9.8226,-25.7014
-9.6397,-25.2356
-9.4541,-24.7719
-9.2682,-24.3074
-9.0849,-23.8427
-8.9042,-23.3762
-8.7258,-22.9093
-8.5463,-22.4427
-8.3641,-21.9770
-8.1824,-21.5117
-8.0033,-21.0448
-7.8244,-20.5783
-7.6433,-20.1122
-7.4622,-19.6466
-7.2827,-19.1798
-7.1033,-18.7136
-6.9215,-18.2477
-6.7395,-17.7825
-6.5587,-17.3163
-6.3792,-16.8500
-6.1994,-16.3835
-6.0181,-15.9179
-5.8341,-15.4529
-5.6510,-14.9881
-5.4713,-14.5215
-5.2925,-14.0549
-5.1111,-13.5890
-4.9282,-13.1240
-4.7457,-12.6585
-4.5634,-12.1933
-4.3803,-11.7280
-4.1971,-11.2631
-4.0141,-10.7979
-3.8306,-10.3331
-3.6457,-9.8686
-3.4602,-9.4046
-3.2752,-8.9402
-3.0915,-8.4754
-2.9089,-8.0101
-2.7246,-7.5455
-2.5364,-7.0824
-2.3484,-6.6193
-2.1648,-6.1544
-1.9823,-5.6891
-1.7967,-5.2251
-1.6096,-4.7616
-1.4234,-4.2977
-1.2384,-3.8334
-1.0543,-3.3687
-0.8704,-2.9039
-0.6859,-2.4394
-0.4997,-1.9755
-0.3110,-1.5128
-0.1221,-1.0499
0.0647,-0.5864
