t_s,lap,x,y,yaw,speed_mps,cmd_speed_mps,cmd_steer_rad,min_wall_dist_m
0.037,0,0.8,3.158,-1.5707,0.0,0.0,0.0,0.441
0.088,0,0.8,3.158,-1.5707,0.0,0.0,0.0,0.441
0.138,0,0.8,3.158,-1.5707,0.0,0.0,0.0,0.441
0.189,0,0.8,3.158,-1.5707,0.0,0.0,0.0,0.441
0.256,0,0.8,3.158,-1.5707,0.0,0.0,0.0,0.441
0.288,0,0.8,3.158,-1.5707,0.0,0.0,0.0,0.441
0.337,0,0.8,3.158,-1.5707,0.0,0.0,0.0,0.441
0.388,0,0.8,3.158,-1.5707,0.0,0.0,0.0,0.441
0.437,0,0.8,3.158,-1.5707,0.0,0.0,0.0,0.441
0.487,0,0.8,3.158,-1.5707,0.0,0.0,0.0,0.441
0.538,0,0.8,3.158,-1.5707,0.0,0.0,0.0,0.441
0.588,0,0.8,3.158,-1.5707,0.0,0.0,0.0,0.441
0.638,0,0.8,3.158,-1.5707,0.0,0.0,0.0,0.441
0.688,0,0.8,3.158,-1.5707,0.0,0.0,0.0,0.441
0.739,0,0.8,3.158,-1.5707,0.0,0.0,0.0,0.441
0.789,0,0.8,3.158,-1.5707,0.0,0.0,0.0,0.441
0.84,0,0.8,3.158,-1.5707,0.0,0.0,0.0,0.441
0.888,0,0.8,3.158,-1.5707,0.0,0.0,0.0,0.441
0.938,0,0.8,3.158,-1.5707,0.0,0.0,0.0,0.441
0.989,0,0.8,3.158,-1.5707,0.0,0.0,0.0,0.441
1.038,0,0.8,3.158,-1.5707,0.0,0.0,0.0,0.441
1.088,0,0.8,3.158,-1.5707,0.0,0.0,0.0,0.441
1.139,0,0.8,3.158,-1.5707,0.0,0.0,0.0,0.441
1.187,0,0.8,3.158,-1.5707,0.0,0.0,0.0,0.441
1.238,0,0.8,3.158,-1.5707,0.0,0.0,0.0,0.441
1.288,0,0.8,3.158,-1.5707,0.0,0.0,0.0,0.441
1.339,0,0.8,3.158,-1.5707,0.0,0.0,0.0,0.441
1.388,0,0.8,3.158,-1.5707,0.0,0.0,0.0,0.441
1.439,0,0.8,3.158,-1.5707,0.0,0.0,0.0,0.441
1.488,0,0.8,3.158,-1.5707,0.0,0.0,0.0,0.441
1.538,0,0.8,3.158,-1.5707,0.0,0.0,0.0,0.441
1.588,0,0.8,3.158,-1.5707,0.0,0.0,0.0,0.441
1.637,0,0.8,3.158,-1.5707,0.0,0.0,0.0,0.441
1.689,0,0.8,3.158,-1.5707,0.0,0.0,0.0,0.441
1.738,0,0.8,3.158,-1.5707,0.0,0.0,0.0,0.441
1.789,0,0.8,3.158,-1.5707,0.0,0.0,0.0,0.441
1.84,0,0.8,3.158,-1.5707,0.0,0.0,0.0,0.441
1.888,0,0.801,3.158,-1.5707,0.0,0.0,0.0,0.441
1.939,0,0.801,3.158,-1.5707,0.0,0.0,0.0,0.441
1.988,0,0.801,3.158,-1.5707,0.0,0.0,0.0,0.441
2.039,0,0.801,3.158,-1.5707,0.0,0.0,0.0,0.441
2.088,0,0.801,3.158,-1.5707,0.0,0.0,0.0,0.441
2.137,0,0.801,3.158,-1.5707,0.0,0.0,0.0,0.441
2.188,0,0.801,3.158,-1.5707,0.0,0.0,0.0,0.441
2.239,0,0.801,3.158,-1.5707,0.0,0.0,0.0,0.441
2.292,0,0.801,3.158,-1.5707,0.0,0.0,0.0,0.441
2.34,0,0.801,3.158,-1.5707,0.0,0.0,0.0,0.441
2.388,0,0.801,3.158,-1.5707,0.0,0.0,0.0,0.441
2.44,0,0.801,3.158,-1.5707,0.0,0.0,0.0,0.441
2.488,0,0.801,3.158,-1.5707,0.0,0.0,0.0,0.441
2.538,0,0.801,3.158,-1.5707,0.0,0.0,0.0,0.441
2.588,0,0.801,3.158,-1.5707,0.0,0.0,0.0,0.441
2.638,0,0.801,3.158,-1.5707,0.0,0.0,0.0,0.441
2.688,0,0.801,3.158,-1.5707,0.0,0.0,0.0,0.441
2.738,0,0.801,3.158,-1.5707,0.0,0.0,0.0,0.441
2.788,0,0.801,3.158,-1.5707,0.0,0.0,0.0,0.441
2.838,0,0.801,3.158,-1.5707,0.0,0.0,0.0,0.441
2.888,0,0.801,3.158,-1.5707,0.0,0.0,0.0,0.441
2.939,0,0.801,3.158,-1.5707,0.0,0.0,0.0,0.441
2.988,0,0.801,3.158,-1.5707,0.0,0.0,0.0,0.441
3.038,0,0.801,3.158,-1.5707,0.0,0.0,0.0,0.441
3.087,0,0.801,3.158,-1.5707,0.0,0.0,0.0,0.441
3.137,0,0.801,3.158,-1.5707,0.0,0.0,0.0,0.441
3.189,0,0.801,3.158,-1.5707,0.0,0.0,0.0,0.441
3.239,0,0.801,3.158,-1.5707,0.0,0.0,0.0,0.441
3.29,0,0.801,3.158,-1.5707,0.0,0.0,0.0,0.441
3.337,0,0.801,3.158,-1.5707,0.0,0.0,0.0,0.441
3.387,0,0.801,3.158,-1.5707,0.0,0.0,0.0,0.441
3.44,0,0.801,3.158,-1.5707,0.0,0.0,0.0,0.441
3.488,0,0.801,3.158,-1.5707,0.0,0.0,0.0,0.441
3.538,0,0.801,3.158,-1.5707,0.0,0.0,0.0,0.441
3.588,0,0.801,3.158,-1.5707,0.0,0.0,0.0,0.441
3.639,0,0.801,3.158,-1.5707,0.0,0.0,0.0,0.441
3.688,0,0.801,3.158,-1.5707,0.0,0.0,0.0,0.441
3.738,0,0.801,3.158,-1.5707,0.0,0.0,0.0,0.441
3.789,0,0.801,3.158,-1.5707,0.0,0.0,0.0,0.441
3.837,0,0.801,3.158,-1.5707,0.0,0.0,0.0,0.441
3.888,0,0.801,3.158,-1.5707,0.0,0.0,0.0,0.441
3.939,0,0.801,3.158,-1.5707,0.0,0.0,0.0,0.441
3.988,0,0.801,3.158,-1.5707,0.0,0.0,0.0,0.441
4.038,0,0.801,3.158,-1.5707,0.0,0.0,0.0,0.441
4.088,0,0.801,3.158,-1.5707,0.0,0.0,0.0,0.441
4.139,0,0.801,3.158,-1.5707,0.0,0.0,0.0,0.441
4.187,0,0.801,3.158,-1.5707,0.0,0.0,0.0,0.441
4.238,0,0.801,3.158,-1.5707,0.0,0.0,0.0,0.441
4.289,0,0.801,3.158,-1.5707,0.0,0.0,0.0,0.441
4.34,0,0.801,3.158,-1.5707,0.0,0.0,0.0,0.441
4.388,0,0.801,3.158,-1.5707,0.0,0.0,0.0,0.441
4.439,0,0.801,3.158,-1.5707,0.0,0.0,0.0,0.441
4.488,0,0.801,3.158,-1.5707,0.0,0.0,0.0,0.441
4.539,0,0.801,3.158,-1.5707,0.0,0.0,0.0,0.441
4.588,0,0.801,3.158,-1.5707,0.0,0.0,0.0,0.441
4.637,0,0.801,3.158,-1.5707,0.0,0.0,0.0,0.441
4.687,0,0.801,3.158,-1.5707,0.0,0.0,0.0,0.441
4.738,0,0.801,3.158,-1.5707,0.0,0.0,0.0,0.441
4.789,0,0.801,3.158,-1.5707,0.0,0.0,0.0,0.441
4.837,0,0.801,3.158,-1.5707,0.0,0.0,0.0,0.441
4.888,0,0.801,3.158,-1.5707,0.0,0.0,0.0,0.441
4.938,0,0.801,3.158,-1.5707,0.0,0.0,0.0,0.441
4.988,0,0.801,3.158,-1.5707,0.0,0.0,0.0,0.441
5.04,0,0.801,3.158,-1.5707,0.0,0.0,0.0,0.441
5.089,0,0.801,3.158,-1.5707,0.0,0.0,0.0,0.441
5.137,0,0.801,3.158,-1.5707,0.0,0.0,0.0,0.441
5.188,0,0.801,3.158,-1.5707,0.0,0.0,0.0,0.441
5.239,0,0.801,3.158,-1.5707,0.0,0.0,0.0,0.441
5.288,0,0.801,3.158,-1.5707,0.0,0.0,0.0,0.441
5.338,0,0.801,3.158,-1.5707,0.0,0.0,0.0,0.441
5.394,0,0.801,3.158,-1.5707,0.0,0.0,0.0,0.441
5.438,0,0.801,3.158,-1.5707,0.0,0.0,0.0,0.441
5.489,0,0.801,3.158,-1.5707,0.0,0.0,0.0,0.441
5.538,0,0.801,3.158,-1.5707,0.0,0.0,0.0,0.441
5.589,0,0.801,3.158,-1.5707,0.0,0.0,0.0,0.441
5.638,0,0.801,3.158,-1.5707,0.0,0.0,0.0,0.441
5.688,0,0.801,3.158,-1.5707,0.0,0.0,0.0,0.441
5.738,0,0.801,3.158,-1.5707,0.0,0.0,0.0,0.441
5.79,0,0.801,3.158,-1.5707,0.0,0.0,0.0,0.441
5.839,0,0.801,3.158,-1.5707,0.0,0.0,0.0,0.441
5.89,0,0.801,3.158,-1.5707,0.0,0.0,0.0,0.441
5.939,0,0.801,3.158,-1.5707,0.0,0.0,0.0,0.441
5.989,0,0.801,3.158,-1.5707,0.0,0.0,0.0,0.441
6.039,0,0.801,3.158,-1.5707,0.0,0.0,0.0,0.441
6.089,0,0.801,3.158,-1.5707,0.0,0.0,0.0,0.441
6.137,0,0.801,3.158,-1.5707,0.0,0.0,0.0,0.441
6.188,0,0.801,3.158,-1.5707,0.0,2.746,0.0971,0.441
6.238,0,0.801,3.153,-1.5704,0.132,2.746,0.0985,0.441
6.288,1,0.801,3.132,-1.5655,0.429,2.746,0.0971,0.441
6.338,1,0.801,3.112,-1.5604,0.602,2.79,0.0841,0.441
6.387,1,0.802,3.078,-1.5531,0.789,2.79,0.0818,0.442
6.437,1,0.805,2.994,-1.5305,1.218,2.79,0.0804,0.443
6.489,1,0.808,2.933,-1.5169,1.429,2.835,0.0588,0.445
6.538,1,0.813,2.855,-1.5021,1.667,2.881,0.0405,0.45
6.587,1,0.82,2.765,-1.4882,1.902,1.464,0.0172,0.437
6.639,1,0.829,2.666,-1.4773,2.002,1.489,-0.0,0.415
6.689,1,0.838,2.575,-1.4744,1.656,1.513,-0.0121,0.396
6.739,1,0.846,2.497,-1.4745,1.589,1.537,-0.024,0.381
6.789,1,0.853,2.416,-1.4767,1.597,1.561,-0.032,0.367
6.839,1,0.86,2.34,-1.4818,1.622,1.561,-0.0333,0.354
6.889,1,0.867,2.253,-1.49,1.644,1.583,-0.0328,0.343
6.937,1,0.872,2.198,-1.4949,1.649,1.606,-0.0368,0.332
6.989,1,0.877,2.11,-1.5045,1.667,1.627,-0.0372,0.322
7.038,1,0.883,2.019,-1.5138,1.689,1.627,-0.0322,0.313
7.088,1,0.888,1.918,-1.5232,1.712,0.824,-0.0332,0.304
7.139,1,0.891,1.832,-1.5335,1.564,0.845,-0.0279,0.293
7.188,1,0.893,1.788,-1.538,1.384,0.845,-0.0276,0.289
7.239,1,0.894,1.721,-1.544,0.99,0.855,-0.0227,0.284
7.287,1,0.896,1.67,-1.5476,0.918,0.855,-0.0234,0.28
7.338,1,0.896,1.625,-1.5512,0.927,0.855,-0.0188,0.277
7.387,1,0.897,1.579,-1.5539,0.931,0.865,-0.0164,0.277
7.438,1,0.898,1.533,-1.5564,0.937,0.865,-0.0155,0.277
7.488,1,0.898,1.485,-1.5587,0.941,0.874,-0.0113,0.277
7.537,1,0.899,1.45,-1.5601,0.944,0.874,-0.0113,0.277
7.587,1,0.899,1.386,-1.5629,0.951,0.442,-0.0076,0.276
7.639,1,0.9,1.352,-1.564,0.934,0.442,-0.0075,0.276
7.688,1,0.9,1.324,-1.5646,0.726,0.446,-0.0074,0.276
7.739,1,0.9,1.291,-1.5655,0.494,0.446,-0.0089,0.275
7.788,1,0.9,1.266,-1.566,0.512,0.446,-0.0088,0.275
7.837,1,0.9,1.234,-1.5668,0.516,0.446,-0.0087,0.275
7.888,1,0.9,1.212,-1.5674,0.515,0.451,-0.0077,0.275
7.938,1,0.9,1.187,-1.5679,0.515,0.451,-0.0075,0.275
7.989,1,0.9,1.161,-1.5685,0.519,0.451,-0.0074,0.275
8.038,1,0.9,1.142,-1.5691,0.519,0.451,-0.0073,0.275
8.089,1,0.9,1.109,-1.5699,0.519,0.228,-0.0,0.275
8.138,1,0.9,1.091,-1.5702,0.495,0.228,-0.0,0.275
8.187,1,0.9,1.071,-1.5703,0.276,0.228,-0.0,0.274
8.238,1,0.9,1.06,-1.5702,0.287,0.228,-0.0,0.274
8.297,1,0.9,1.049,-1.5702,0.292,0.228,-0.0,0.274
8.338,1,0.901,1.03,-1.5702,0.291,0.23,-0.0,0.274
8.388,1,0.901,1.014,-1.5702,0.291,0.23,-0.0,0.274
8.439,1,0.901,1.0,-1.5702,0.293,0.23,-0.0,0.274
8.488,1,0.901,0.986,-1.5702,0.292,0.23,-0.0,0.273
8.538,1,0.901,0.97,-1.5702,0.292,0.23,-0.0,0.273
8.589,1,0.901,0.956,-1.5702,0.292,0.115,-0.0,0.273
8.638,1,0.901,0.943,-1.5702,0.28,0.115,-0.0,0.273
8.688,1,0.901,0.935,-1.5702,0.168,0.115,-0.0,0.273
8.738,1,0.901,0.926,-1.5702,0.172,0.116,-0.0,0.273
8.788,1,0.901,0.916,-1.5702,0.175,0.116,-0.0,0.272
8.838,1,0.901,0.908,-1.5702,0.174,0.116,-0.0,0.272
8.888,1,0.901,0.899,-1.5702,0.174,0.116,-0.0,0.272
8.938,1,0.901,0.893,-1.5702,0.174,0.116,-0.0,0.272
8.989,1,0.901,0.882,-1.5702,0.173,0.116,-0.0,0.272
9.038,1,0.901,0.873,-1.5702,0.173,0.116,-0.0,0.272
9.087,1,0.901,0.864,-1.5702,0.173,0.058,-0.0,0.272
9.138,1,0.901,0.858,-1.5702,0.162,0.058,-0.0,0.272
9.187,1,0.901,0.851,-1.5702,0.108,0.058,-0.0,0.272
9.239,1,0.901,0.847,-1.5702,0.112,0.058,-0.0,0.272
9.288,1,0.901,0.84,-1.5702,0.113,0.058,-0.0,0.272
9.338,1,0.901,0.835,-1.5702,0.112,0.058,-0.0,0.271
9.388,1,0.901,0.829,-1.5702,0.112,0.059,-0.0,0.271
9.438,1,0.901,0.825,-1.5702,0.112,0.059,-0.0,0.271
9.488,1,0.901,0.818,-1.5702,0.112,0.059,-0.0,0.271
9.538,1,0.901,0.814,-1.5702,0.112,0.059,-0.0,0.271
9.588,1,0.901,0.806,-1.5702,0.111,0.029,-0.0,0.271
9.637,1,0.901,0.802,-1.5702,0.087,0.029,-0.0,0.271
9.687,1,0.901,0.798,-1.5702,0.079,0.029,-0.0,0.271
9.738,1,0.901,0.794,-1.5702,0.08,0.029,-0.0,0.271
9.789,1,0.901,0.79,-1.5702,0.08,0.029,-0.0,0.271
9.839,1,0.901,0.786,-1.5702,0.08,0.029,-0.0,0.271
9.887,1,0.901,0.783,-1.5702,0.08,0.029,-0.0,0.271
9.938,1,0.901,0.778,-1.5702,0.079,0.029,-0.0,0.271
9.988,1,0.901,0.774,-1.5702,0.079,0.029,-0.0,0.271
10.038,1,0.901,0.77,-1.5702,0.079,0.029,-0.0,0.271
10.088,1,0.901,0.766,-1.5702,0.078,0.015,-0.0,0.271
10.138,1,0.901,0.763,-1.5702,0.067,0.015,-0.0,0.271
10.188,1,0.901,0.76,-1.5702,0.062,0.015,-0.0,0.27
10.238,1,0.901,0.757,-1.5702,0.062,0.015,-0.0,0.27
10.288,1,0.901,0.754,-1.5702,0.062,0.015,-0.0,0.27
10.338,1,0.901,0.751,-1.5702,0.062,0.015,-0.0,0.27
10.388,1,0.901,0.747,-1.5702,0.062,0.015,-0.0,0.27
10.438,1,0.901,0.745,-1.5702,0.061,0.015,-0.0,0.27
10.488,1,0.901,0.741,-1.5702,0.061,0.015,-0.0,0.27
10.539,1,0.901,0.738,-1.5702,0.061,0.015,-0.0,0.27
10.589,1,0.901,0.735,-1.5702,0.06,0.007,-0.0,0.27
10.637,1,0.901,0.733,-1.5702,0.059,0.007,-0.0,0.27
10.688,1,0.901,0.729,-1.5702,0.052,0.007,-0.0,0.27
10.738,1,0.901,0.727,-1.5702,0.052,0.007,-0.0,0.27
10.788,1,0.901,0.725,-1.5702,0.052,0.007,-0.0,0.27
10.838,1,0.901,0.723,-1.5702,0.052,0.007,-0.0,0.27
10.888,1,0.901,0.72,-1.5702,0.051,0.007,-0.0,0.27
10.939,1,0.901,0.717,-1.5702,0.051,0.007,-0.0,0.27
10.988,1,0.901,0.715,-1.5702,0.051,0.007,-0.0,0.27
11.037,1,0.901,0.712,-1.5702,0.05,0.007,-0.0,0.27
11.088,1,0.901,0.709,-1.5702,0.05,0.004,-0.0,0.27
11.138,1,0.901,0.707,-1.5702,0.049,0.004,-0.0,0.27
11.188,1,0.901,0.704,-1.5702,0.045,0.004,-0.0,0.27
11.237,1,0.901,0.702,-1.5702,0.045,0.004,-0.0,0.27
11.288,1,0.901,0.7,-1.5702,0.045,0.004,-0.0,0.27
11.337,1,0.901,0.698,-1.5702,0.045,0.004,-0.0,0.27
11.387,1,0.901,0.695,-1.5702,0.045,0.004,-0.0,0.27
11.438,1,0.901,0.694,-1.5702,0.044,0.004,-0.0,0.27
11.487,1,0.901,0.691,-1.5702,0.044,0.004,-0.0,0.27
11.537,1,0.901,0.689,-1.5702,0.044,0.004,-0.0,0.27
11.588,1,0.901,0.686,-1.5702,0.044,0.002,-0.0,0.27
11.638,1,0.901,0.684,-1.5702,0.042,0.002,-0.0,0.269
11.687,1,0.901,0.682,-1.5702,0.041,0.002,-0.0,0.269
11.737,1,0.901,0.68,-1.5702,0.041,0.002,-0.0,0.269
11.787,1,0.901,0.679,-1.5702,0.041,0.002,-0.0,0.269
11.838,1,0.901,0.676,-1.5702,0.04,0.002,-0.0,0.269
11.888,1,0.901,0.675,-1.5702,0.04,0.002,-0.0,0.269
11.938,1,0.901,0.673,-1.5702,0.04,0.002,-0.0,0.269
11.988,1,0.901,0.67,-1.5702,0.04,0.002,-0.0,0.269
12.038,1,0.901,0.668,-1.5702,0.04,0.002,-0.0,0.269
12.088,1,0.901,0.666,-1.5702,0.039,0.001,-0.0,0.269
12.138,1,0.901,0.665,-1.5702,0.015,0.001,-0.0,0.269
12.188,1,0.901,0.665,-1.5702,0.0,0.001,-0.0,0.269
12.238,1,0.901,0.665,-1.5702,0.0,0.001,-0.0,0.269
12.288,1,0.901,0.665,-1.5702,0.0,0.001,-0.0,0.269
12.338,1,0.901,0.665,-1.5702,0.0,0.001,-0.0,0.269
12.388,1,0.901,0.665,-1.5702,0.0,0.001,-0.0,0.269
12.438,1,0.901,0.665,-1.5702,0.0,0.001,-0.0,0.269
12.488,1,0.901,0.665,-1.5702,0.0,0.001,-0.0,0.269
12.538,1,0.901,0.665,-1.5702,0.0,0.001,-0.0,0.269
12.587,1,0.901,0.665,-1.5702,0.0,0.0,-0.0,0.269
12.639,1,0.901,0.665,-1.5702,0.0,0.0,-0.0,0.269
12.688,1,0.901,0.665,-1.5702,0.0,0.0,-0.0,0.269
12.738,1,0.901,0.665,-1.5702,0.0,0.0,-0.0,0.269
12.787,1,0.901,0.665,-1.5702,0.0,0.0,-0.0,0.269
12.838,1,0.901,0.665,-1.5702,0.0,0.0,-0.0,0.269
12.888,1,0.901,0.665,-1.5702,0.0,0.0,-0.0,0.269
12.938,1,0.901,0.665,-1.5702,0.0,0.0,-0.0,0.269
12.988,1,0.901,0.665,-1.5702,0.0,0.0,-0.0,0.269
13.038,1,0.901,0.665,-1.5702,0.0,0.0,-0.0,0.269
13.088,1,0.901,0.665,-1.5702,0.0,0.0,-0.0,0.269
13.138,1,0.901,0.665,-1.5702,0.0,0.0,-0.0,0.269
13.188,1,0.901,0.665,-1.5702,0.0,0.0,-0.0,0.269
13.238,1,0.901,0.665,-1.5702,0.0,0.0,-0.0,0.269
13.287,1,0.901,0.665,-1.5702,0.0,0.0,-0.0,0.269
13.339,1,0.901,0.665,-1.5702,0.0,0.0,-0.0,0.269
13.389,1,0.901,0.665,-1.5702,0.0,0.0,-0.0,0.269
13.439,1,0.901,0.665,-1.5702,0.0,0.0,-0.0,0.269
13.487,1,0.901,0.665,-1.5702,0.0,0.0,-0.0,0.269
13.537,1,0.901,0.665,-1.5702,0.0,0.0,-0.0,0.269
13.588,1,0.901,0.665,-1.5702,0.0,0.0,-0.0,0.269
13.639,1,0.901,0.665,-1.5702,0.0,0.0,-0.0,0.269
13.688,1,0.901,0.665,-1.5702,0.0,0.0,-0.0,0.269
13.737,1,0.901,0.665,-1.5702,0.0,0.0,-0.0,0.269
13.788,1,0.901,0.665,-1.5702,0.0,0.0,-0.0,0.269
13.838,1,0.901,0.665,-1.5702,0.0,0.0,-0.0,0.269
13.895,1,0.901,0.665,-1.5702,0.0,0.0,-0.0,0.269
13.937,1,0.901,0.665,-1.5702,0.0,0.0,-0.0,0.269
13.987,1,0.901,0.665,-1.5702,0.0,0.0,-0.0,0.269
14.039,1,0.901,0.665,-1.5702,0.0,0.0,-0.0,0.269
14.088,1,0.901,0.665,-1.5702,0.0,0.0,-0.0,0.269
14.138,1,0.901,0.665,-1.5702,0.0,0.0,-0.0,0.269
14.188,1,0.901,0.665,-1.5702,0.0,0.0,-0.0,0.269
14.238,1,0.901,0.665,-1.5702,0.0,0.0,-0.0,0.269
14.288,1,0.901,0.665,-1.5702,0.0,0.0,-0.0,0.269
14.337,1,0.901,0.665,-1.5702,0.0,0.0,-0.0,0.269
14.388,1,0.901,0.665,-1.5702,0.0,0.0,-0.0,0.269
14.438,1,0.901,0.665,-1.5702,0.0,0.0,-0.0,0.269
14.488,1,0.901,0.665,-1.5702,0.0,0.0,-0.0,0.269
14.537,1,0.901,0.665,-1.5702,0.0,0.0,-0.0,0.269
14.587,1,0.901,0.665,-1.5702,0.0,0.0,-0.0,0.269
14.638,1,0.901,0.665,-1.5702,0.0,0.0,-0.0,0.269
14.687,1,0.901,0.665,-1.5702,0.0,0.0,-0.0,0.269
14.738,1,0.901,0.665,-1.5702,0.0,0.0,-0.0,0.269
14.788,1,0.901,0.665,-1.5702,0.0,0.0,-0.0,0.269
14.837,1,0.901,0.665,-1.5702,0.0,0.0,-0.0,0.269
14.888,1,0.901,0.665,-1.5702,0.0,0.0,-0.0,0.269
14.938,1,0.901,0.665,-1.5702,0.0,0.0,-0.0,0.269
14.989,1,0.901,0.665,-1.5702,0.0,0.0,-0.0,0.269
15.037,1,0.901,0.665,-1.5702,0.0,0.0,-0.0,0.269
15.087,1,0.901,0.665,-1.5702,0.0,0.0,-0.0,0.269
15.139,1,0.901,0.665,-1.5702,0.0,0.0,-0.0,0.269
15.188,1,0.901,0.665,-1.5702,0.0,0.0,-0.0,0.269
15.238,1,0.901,0.665,-1.5702,0.0,0.0,-0.0,0.269
15.288,1,0.901,0.665,-1.5702,0.0,0.0,-0.0,0.269
15.338,1,0.901,0.665,-1.5702,0.0,0.0,-0.0,0.269
15.388,1,0.901,0.665,-1.5702,0.0,0.0,-0.0,0.269
15.439,1,0.901,0.665,-1.5702,0.0,0.0,-0.0,0.269
15.489,1,0.901,0.665,-1.5702,0.0,0.0,-0.0,0.269
15.538,1,0.901,0.665,-1.5702,0.0,0.0,-0.0,0.269
15.588,1,0.901,0.665,-1.5702,0.0,0.0,-0.0,0.269
15.638,1,0.901,0.665,-1.5702,0.0,0.0,-0.0,0.269
15.688,1,0.901,0.665,-1.5702,0.0,0.0,-0.0,0.269
15.738,1,0.901,0.665,-1.5702,0.0,0.0,-0.0,0.269
15.788,1,0.901,0.665,-1.5702,0.0,0.0,-0.0,0.269
15.838,1,0.901,0.665,-1.5702,0.0,0.0,-0.0,0.269
15.888,1,0.901,0.665,-1.5702,0.0,0.0,-0.0,0.269
15.938,1,0.901,0.665,-1.5702,0.0,0.0,-0.0,0.269
15.989,1,0.901,0.665,-1.5702,0.0,0.0,-0.0,0.269
16.038,1,0.901,0.665,-1.5702,0.0,0.0,-0.0,0.269
16.088,1,0.901,0.665,-1.5702,0.0,3.78,-0.0,0.269
16.137,1,0.901,0.662,-1.5702,0.095,3.78,-0.0,0.269
16.188,1,0.901,0.647,-1.5701,0.35,3.78,-0.0,0.269
16.238,1,0.901,0.621,-1.57,0.597,3.813,0.0,0.269
16.287,1,0.901,0.573,-1.57,0.862,3.813,0.0,0.269
16.339,1,0.901,0.52,-1.57,1.138,3.813,0.0,0.268
16.387,1,0.901,0.441,-1.57,1.445,3.845,0.0039,0.267
16.438,1,0.901,0.385,-1.57,1.589,3.877,0.008,0.266
16.488,1,0.901,0.275,-1.568,1.913,3.908,0.0123,0.264
16.537,1,0.902,0.205,-1.5666,2.053,3.939,0.0179,0.262
16.588,1,0.903,0.048,-1.5601,2.402,3.969,0.0181,0.256
16.638,1,0.904,-0.041,-1.5564,2.533,3.999,0.0193,0.253
16.688,1,0.907,-0.167,-1.5486,2.785,4.058,0.0179,0.246
16.737,1,0.913,-0.377,-1.538,3.083,4.086,0.0147,0.232
16.788,1,0.917,-0.49,-1.533,3.237,4.142,0.0095,0.226
16.837,1,0.927,-0.707,-1.5238,3.587,4.17,0.0,0.214
16.889,1,0.936,-0.889,-1.5191,3.908,4.25,-0.0046,0.201
16.939,1,0.94,-0.957,-1.5191,3.994,4.25,-0.0048,0.194
16.988,1,0.957,-1.287,-1.5202,4.244,4.352,-0.0142,0.175
17.038,1,0.967,-1.51,-1.5233,4.302,4.401,-0.0172,0.162
17.088,1,0.978,-1.755,-1.5319,4.388,4.349,-0.0216,0.153
17.138,1,0.984,-1.963,-1.5428,4.437,4.241,-0.0259,0.146
17.188,1,0.987,-2.167,-1.5576,4.429,4.088,-0.0302,0.146
17.238,1,0.988,-2.386,-1.5744,4.371,3.994,-0.0348,0.15
17.289,1,0.983,-2.635,-1.5981,4.244,3.904,-0.0274,0.163
17.338,1,0.976,-2.801,-1.6134,4.17,3.818,-0.0317,0.173
17.389,1,0.964,-3.017,-1.6306,4.065,3.734,-0.0345,0.193
17.437,1,0.946,-3.251,-1.6559,3.934,3.653,-0.0345,0.216
17.489,1,0.928,-3.432,-1.6765,3.841,3.574,-0.0395,0.259
17.538,1,0.913,-3.564,-1.6873,3.798,3.496,-0.0474,0.281
17.588,1,0.882,-3.788,-1.715,3.692,3.42,-0.056,0.326
17.639,1,0.856,-3.949,-1.7409,3.611,3.346,-0.0579,0.374
17.688,1,0.817,-4.147,-1.7697,3.534,3.309,-0.0577,0.404
17.738,1,0.78,-4.31,-1.8006,3.463,3.237,-0.0647,0.431
17.788,1,0.74,-4.465,-1.8286,3.407,3.166,-0.0751,0.463
17.838,1,0.692,-4.629,-1.8604,3.347,3.096,-0.0835,0.499
17.889,1,0.632,-4.81,-1.9053,3.261,3.027,-0.0753,0.538
17.938,1,0.586,-4.934,-1.9332,3.214,2.994,-0.0745,0.554
17.988,1,0.521,-5.092,-1.9653,3.152,2.96,-0.0838,0.59
18.037,1,0.468,-5.211,-1.9991,3.098,2.927,-0.0868,0.63
18.088,1,0.39,-5.37,-2.0428,3.028,2.831,-0.1087,0.683
18.138,1,0.317,-5.503,-2.0763,2.991,2.799,-0.1167,0.718
18.188,1,0.246,-5.619,-2.1241,2.933,2.738,-0.1034,0.678
18.238,1,0.171,-5.732,-2.1713,2.888,2.708,-0.0965,0.65
18.289,1,0.078,-5.857,-2.2141,2.829,2.65,-0.125,0.622
18.338,1,-0.001,-5.954,-2.2594,2.778,2.622,-0.1167,0.59
18.388,1,-0.097,-6.063,-2.3041,2.744,2.595,-0.1121,0.551
18.437,1,-0.209,-6.177,-2.3651,2.696,2.543,-0.1379,0.527
18.489,1,-0.301,-6.261,-2.4113,2.649,2.519,-0.125,0.491
18.537,1,-0.369,-6.319,-2.4416,2.628,2.497,-0.1379,0.475
18.589,1,-0.51,-6.426,-2.5132,2.585,2.459,-0.1771,0.432
18.638,1,-0.607,-6.491,-2.566,2.55,2.443,-0.1795,0.422
18.688,1,-0.707,-6.549,-2.6199,2.528,2.428,-0.1824,0.404
18.737,1,-0.814,-6.603,-2.6842,2.505,2.411,-0.2025,0.39
18.788,1,-0.935,-6.654,-2.7613,2.478,2.41,-0.2022,0.365
18.838,1,-1.047,-6.692,-2.8269,2.471,2.086,-0.1891,0.331
18.888,1,-1.176,-6.725,-2.8956,2.454,2.031,-0.2403,0.298
18.938,1,-1.268,-6.743,-2.9695,2.195,2.006,-0.2391,0.268
18.988,1,-1.395,-6.756,-3.0608,2.083,1.982,-0.224,0.232
19.038,1,-1.465,-6.759,-3.1022,2.066,1.96,-0.2625,0.224
19.088,1,-1.602,-6.754,3.0788,2.026,1.942,-0.2602,0.207
19.138,1,-1.695,-6.743,3.0055,2.001,1.925,-0.2314,0.198
19.188,1,-1.791,-6.725,2.9332,1.991,1.913,-0.244,0.187
19.238,1,-1.88,-6.701,2.867,1.971,1.902,-0.2491,0.184
19.287,1,-1.986,-6.664,2.7794,1.947,1.902,-0.2309,0.182
19.338,1,-2.069,-6.627,2.7119,1.947,1.891,-0.248,0.193
19.387,1,-2.124,-6.599,2.6709,1.946,1.89,-0.2551,0.197
19.437,1,-2.223,-6.54,2.5788,1.934,1.889,-0.2591,0.202
19.487,1,-2.307,-6.479,2.5009,1.931,1.893,-0.2547,0.207
19.537,1,-2.37,-6.426,2.4275,1.933,1.899,-0.2586,0.221
19.587,1,-2.449,-6.348,2.3507,1.934,1.91,-0.2672,0.23
19.637,1,-2.506,-6.282,2.271,1.941,1.925,-0.2557,0.231
19.688,1,-2.559,-6.21,2.1965,1.954,1.941,-0.2429,0.239
19.737,1,-2.618,-6.116,2.1079,1.975,1.974,-0.2485,0.247
19.788,1,-2.664,-6.029,2.0468,1.987,1.991,-0.2436,0.248
19.843,1,-2.706,-5.929,1.9537,2.021,1.991,-0.2199,0.255
19.887,1,-2.737,-5.841,1.9125,2.029,2.02,-0.232,0.251
19.937,1,-2.761,-5.753,1.8369,2.045,2.036,-0.2257,0.242
19.987,1,-2.783,-5.653,1.7713,2.068,2.054,-0.2079,0.237
20.037,1,-2.8,-5.524,1.6814,2.088,2.078,-0.1863,0.238
20.087,1,-2.807,-5.425,1.625,2.113,2.108,-0.1586,0.259
20.137,1,-2.808,-5.353,1.5921,2.127,2.14,-0.1722,0.267
20.187,1,-2.803,-5.204,1.5133,2.175,2.175,-0.1626,0.279
20.237,1,-2.793,-5.095,1.459,2.197,2.212,-0.1495,0.287
20.288,1,-2.777,-4.994,1.4157,2.251,2.251,-0.1196,0.332
20.337,1,-2.76,-4.9,1.3926,2.267,2.292,-0.119,0.354
20.388,1,-2.732,-4.776,1.3415,2.308,2.378,-0.123,0.395
20.437,1,-2.707,-4.686,1.301,2.358,2.424,-0.098,0.439
20.487,1,-2.668,-4.56,1.2573,2.417,2.471,-0.0873,0.464
20.537,1,-2.626,-4.441,1.221,2.473,2.52,-0.0697,0.448
20.587,1,-2.577,-4.319,1.1877,2.538,2.623,-0.0603,0.435
20.637,1,-2.529,-4.206,1.1634,2.574,2.677,-0.0517,0.423
20.688,1,-2.469,-4.076,1.137,2.656,2.734,-0.0441,0.413
20.737,1,-2.432,-3.998,1.1242,2.703,2.79,-0.0392,0.403
20.787,1,-2.392,-3.918,1.1191,2.716,2.844,-0.0345,0.399
20.837,1,-2.285,-3.711,1.0848,2.851,2.948,-0.0086,0.388
20.887,1,-2.219,-3.588,1.0755,2.931,3.046,-0.0,0.382
20.937,1,-2.134,-3.433,1.0715,3.02,3.093,0.0058,0.372
20.987,1,-2.065,-3.306,1.072,3.085,3.185,0.0216,0.364
21.037,1,-1.992,-3.171,1.0753,3.142,3.272,0.0407,0.359
21.087,1,-1.917,-3.029,1.0891,3.237,3.29,0.0433,0.346
21.137,1,-1.844,-2.885,1.1072,3.298,3.167,0.0517,0.326
21.187,1,-1.802,-2.799,1.1178,3.308,3.112,0.0611,0.303
21.237,1,-1.712,-2.603,1.1518,3.253,3.017,0.0738,0.274
21.287,1,-1.645,-2.444,1.1813,3.181,2.975,0.083,0.243
21.337,1,-1.584,-2.282,1.2275,3.077,2.907,0.0926,0.19
21.387,1,-1.536,-2.135,1.268,3.016,2.88,0.0905,0.166
21.437,1,-1.506,-2.029,1.2995,2.976,2.841,0.0819,0.16
21.487,1,-1.465,-1.86,1.3452,2.932,2.821,0.0968,0.15
21.537,1,-1.437,-1.726,1.3797,2.902,2.819,0.0948,0.15
21.587,1,-1.415,-1.592,1.4126,2.886,2.817,0.1176,0.163
21.638,1,-1.395,-1.424,1.4666,2.87,2.818,0.1141,0.181
21.688,1,-1.385,-1.281,1.5132,2.867,2.832,0.1082,0.205
21.738,1,-1.382,-1.141,1.5591,2.87,2.845,0.0905,0.231
21.787,1,-1.383,-1.046,1.5837,2.876,2.861,0.0952,0.244
21.837,1,-1.392,-0.873,1.635,2.895,2.903,0.0819,0.266
21.887,1,-1.409,-0.702,1.6832,2.926,2.903,0.0733,0.282
21.937,1,-1.425,-0.582,1.7095,2.944,2.985,0.069,0.311
21.987,1,-1.448,-0.439,1.7415,2.984,3.017,0.056,0.345
22.037,1,-1.48,-0.279,1.7718,3.026,3.052,0.0623,0.376
22.087,1,-1.512,-0.135,1.7992,3.068,3.128,0.0521,0.403
22.137,1,-1.553,0.024,1.8284,3.125,3.212,0.0388,0.425
22.188,1,-1.593,0.165,1.8514,3.174,3.298,0.0302,0.434
22.237,1,-1.64,0.319,1.8722,3.246,3.339,0.0172,0.423
22.287,1,-1.695,0.489,1.8843,3.316,3.38,0.0129,0.415
22.337,1,-1.754,0.668,1.8944,3.387,3.459,0.014,0.407
22.388,1,-1.801,0.805,1.8996,3.442,3.535,0.0,0.399
22.437,1,-1.853,0.956,1.9037,3.494,3.609,-0.0043,0.39
22.487,1,-1.919,1.144,1.9047,3.559,3.644,-0.0132,0.373
22.537,1,-1.972,1.299,1.9012,3.633,3.516,-0.0259,0.353
22.587,1,-2.033,1.482,1.8933,3.65,3.447,-0.0302,0.348
22.637,1,-2.097,1.68,1.8743,3.576,3.318,-0.0388,0.346
22.687,1,-2.144,1.835,1.8581,3.489,3.197,-0.0474,0.351
22.737,1,-2.185,1.983,1.8389,3.396,3.084,-0.0659,0.36
22.787,1,-2.234,2.175,1.8072,3.251,3.031,-0.0517,0.374
22.838,1,-2.261,2.299,1.7853,3.189,2.929,-0.0603,0.386
22.887,1,-2.29,2.443,1.7607,3.11,2.881,-0.0693,0.396
22.937,1,-2.316,2.599,1.7336,3.022,2.788,-0.0819,0.401
22.988,1,-2.334,2.73,1.7032,2.942,2.788,-0.0617,0.397
23.037,1,-2.352,2.91,1.658,2.853,2.658,-0.0992,0.392
23.087,1,-2.361,3.049,1.6222,2.766,2.617,-0.0905,0.373
23.137,1,-2.364,3.171,1.5856,2.709,2.537,-0.1121,0.361
23.188,1,-2.362,3.307,1.5517,2.656,2.499,-0.125,0.334
23.237,1,-2.354,3.45,1.4972,2.592,2.461,-0.125,0.312
23.287,1,-2.343,3.553,1.4598,2.54,2.389,-0.144,0.289
23.337,1,-2.327,3.66,1.4167,2.498,2.354,-0.1557,0.266
23.389,1,-2.3,3.797,1.3571,2.432,2.32,-0.1371,0.25
23.437,1,-2.264,3.933,1.2939,2.388,2.286,-0.1368,0.233
23.487,1,-2.241,4.005,1.2658,2.357,2.223,-0.1909,0.231
23.537,1,-2.193,4.136,1.1993,2.313,2.193,-0.174,0.225
23.587,1,-2.14,4.253,1.128,2.256,2.193,-0.1751,0.216
23.637,1,-2.092,4.346,1.0732,2.222,2.138,-0.1853,0.214
23.687,1,-2.046,4.423,1.0226,2.189,2.114,-0.1848,0.216
23.737,1,-1.978,4.521,0.9495,2.168,2.068,-0.2348,0.216
23.787,1,-1.911,4.606,0.8992,2.138,2.046,-0.2468,0.206
23.837,1,-1.835,4.689,0.8084,2.092,2.023,-0.2358,0.2
23.887,1,-1.762,4.758,0.7345,2.066,2.001,-0.2203,0.194
23.937,1,-1.684,4.821,0.6706,2.05,1.982,-0.246,0.188
23.987,1,-1.608,4.875,0.6097,2.031,1.966,-0.2625,0.18
24.037,1,-1.537,4.92,0.5454,2.012,1.953,-0.2566,0.177
24.087,1,-1.436,4.973,0.4566,1.98,1.943,-0.2434,0.181
24.138,1,-1.34,5.013,0.3799,1.967,1.938,-0.2432,0.173
24.188,1,-1.232,5.047,0.2862,1.962,1.934,-0.243,0.158
24.238,1,-1.157,5.066,0.2341,1.964,1.933,-0.2432,0.149
24.287,1,-1.071,5.081,0.1696,1.954,1.932,-0.2565,0.146
24.337,1,-0.947,5.094,0.0728,1.952,1.936,-0.2609,0.152
24.387,1,-0.851,5.095,-0.0073,1.95,1.943,-0.2427,0.159
24.438,1,-0.759,5.09,-0.0751,1.959,1.963,-0.2678,0.162
24.487,1,-0.663,5.077,-0.1482,1.964,1.975,-0.2431,0.157
24.537,1,-0.575,5.058,-0.2211,1.982,1.988,-0.2448,0.154
24.587,1,-0.489,5.034,-0.2774,1.996,1.988,-0.2204,0.152
24.637,1,-0.389,4.999,-0.3588,2.008,2.01,-0.2373,0.152
24.688,1,-0.288,4.954,-0.4349,2.021,2.021,-0.2195,0.15
24.737,1,-0.206,4.911,-0.4999,2.036,2.034,-0.2209,0.161
24.787,1,-0.154,4.879,-0.5357,2.045,2.034,-0.195,0.182
24.837,1,-0.036,4.798,-0.628,2.059,2.052,-0.1884,0.2
24.888,1,0.052,4.727,-0.7001,2.079,2.101,-0.1873,0.223
24.937,1,0.123,4.662,-0.7514,2.099,2.128,-0.171,0.229
24.988,1,0.197,4.586,-0.7965,2.125,2.158,-0.1843,0.224
25.037,1,0.262,4.514,-0.8533,2.155,2.189,-0.162,0.211
25.087,1,0.336,4.421,-0.9052,2.181,2.221,-0.1594,0.202
25.137,1,0.395,4.338,-0.959,2.219,2.254,-0.152,0.199
25.187,1,0.452,4.249,-1.0073,2.256,2.288,-0.1356,0.201
25.238,1,0.514,4.141,-1.0574,2.285,2.358,-0.1504,0.225
25.287,1,0.571,4.028,-1.1184,2.345,2.393,-0.1234,0.261
25.338,1,0.615,3.929,-1.1662,2.387,2.43,-0.1067,0.27
25.387,1,0.656,3.823,-1.2018,2.421,2.467,-0.1075,0.286
25.438,1,0.699,3.7,-1.2433,2.459,2.543,-0.1084,0.302
25.487,1,0.734,3.588,-1.2782,2.503,2.582,-0.0991,0.341
25.537,1,0.763,3.48,-1.3164,2.556,2.621,-0.0819,0.378
25.588,1,0.797,3.328,-1.3551,2.604,2.662,-0.0746,0.412
25.637,1,0.823,3.19,-1.3941,2.652,2.746,-0.0647,0.431
