lap,lap_time_s,valid,start,crashes,max_speed_mps,mean_speed_mps,min_wall_dist_m,distance_m,sim_lap_time_s
1,12.235,1,standing,0,3.676,2.232,0.051,27.41,25.806499481201172
2,12.243,1,flying,0,3.64,2.236,0.051,27.49,12.247300148010254
3,12.292,1,flying,0,3.62,2.233,0.05,27.49,12.277299880981445
4,12.26,1,flying,0,3.621,2.234,0.052,27.46,12.28030014038086
5,12.295,1,flying,0,3.623,2.235,0.05,27.49,12.286299705505371
6,12.282,1,flying,0,3.627,2.202,0.05,27.47,12.285300254821777
7,12.286,1,flying,0,3.627,2.233,0.049,27.5,12.284299850463867
8,12.301,1,flying,0,3.631,2.206,0.049,27.46,12.285300254821777
9,12.283,1,flying,0,3.619,2.227,0.048,27.42,12.282299995422363
10,12.257,1,flying,0,3.624,2.227,0.05,27.45,12.277299880981445
11,12.276,1,flying,0,3.625,2.25,0.049,27.47,12.287300109863281
