dataset,track,model_saw_track,method,compute_s,scale_k,clipped_frac,laptime_s,v_mean_mps,length_m,max_abs_kappa
full,Austin,train,centerline,,,0.0,177.3377153991485,31.048771333927128,5506.118174309209,0.1047549550528916
full,Austin,train,TUM shortest_path,4.453851166996174,,0.0,200.35376943301847,26.708247614241817,5351.098084463771,1.061540773434219
full,Austin,train,TUM mincurv,12.540202084004704,,0.0,167.80442609704698,32.519211194078835,5456.867571551065,0.352577485495937
full,Austin,train,TUM mincurv_iqp,70.21136074999959,,0.0,155.3421154925108,34.98220898815095,5434.210348820494,0.069196218421034
full,Austin,train,raceline shipped with dataset,,,0.0,188.86721840195057,28.683884360688435,5417.445452166436,0.5472317109243037
full,Austin,train,F1-NN raw,0.5249600829993142,1.0,0.0130718954248366,217.6264255645112,24.989745684485317,5438.429029080709,0.211898407301092
full,Austin,train,F1-NN smoothed,0.5249600829993142,1.0,0.0130718954248366,175.38593859980318,31.01634617612299,5439.830986035747,0.1525745632535426
full,BrandsHatch,unseen,centerline,,,0.0,114.2432219340606,34.17261495336888,3903.9896341849194,0.0457627425751658
full,BrandsHatch,unseen,TUM shortest_path,2.19097037499887,,0.0,128.6789145632902,29.959764302646605,3855.189951036574,0.0920010109272844
full,BrandsHatch,unseen,TUM mincurv,4.923194415998296,,0.0,107.66150659701832,36.12947676240254,3889.753900802222,0.0450642919764576
full,BrandsHatch,unseen,TUM mincurv_iqp,19.692762166996545,,0.0,103.60977258100677,37.5463874396079,3890.172663856143,0.0446473926369078
full,BrandsHatch,unseen,raceline shipped with dataset,,,0.0,113.49318064107209,34.21849555166194,3883.5658969104898,0.0605348008182769
full,BrandsHatch,unseen,F1-NN raw,0.4140898339974228,1.0,0.1528417818740399,144.0063291016947,26.995661498372048,3887.5461140525135,0.0873071583617811
full,BrandsHatch,unseen,F1-NN smoothed,0.4140898339974228,1.0,0.1528417818740399,114.39908292640432,33.981660121434125,3887.47075420883,0.0915374879505626
full,Budapest,train,centerline,,,0.0,140.2204527134881,31.20858923789461,4376.082511486875,0.065456410764668
full,Budapest,train,TUM shortest_path,2.4486655829969095,,0.0,166.2991379979231,25.84505698795913,4298.010698604802,0.1640488040223804
full,Budapest,train,TUM mincurv,6.629511999999522,,0.0,132.51385115932254,32.74133889813987,4338.680909505045,0.0536145146498172
full,Budapest,train,TUM mincurv_iqp,29.72977174999687,,0.0,128.94853638761523,33.59685856488434,4332.265739163551,0.0400893345875018
full,Budapest,train,raceline shipped with dataset,,,0.0,142.1451047844253,30.378533257731213,4318.159793117353,0.1169996719603024
full,Budapest,train,F1-NN raw,0.4492748340053367,1.0,0.0966415352981494,166.13784555995255,26.154072473105668,4345.181253300636,0.1545814878145738
full,Budapest,train,F1-NN smoothed,0.4492748340053367,1.0,0.0966415352981494,140.49587944845348,30.928399653188418,4345.31270920795,0.1013888398883856
full,Catalunya,test,centerline,,,0.0,143.06316104389288,32.495309176023156,4648.881649820491,0.1076911552790959
full,Catalunya,test,TUM shortest_path,2.9072806670010323,,0.0,159.00958242012544,28.619589462504223,4550.788969468219,0.4444526125306388
full,Catalunya,test,TUM mincurv,8.445678832998965,,0.0,134.96323515477596,34.03242022014591,4593.125533057704,0.0886384617675813
full,Catalunya,test,TUM mincurv_iqp,29.930540250003105,,0.0,130.2679520087382,35.23179165500653,4589.573344496254,0.0445485549815782
full,Catalunya,test,raceline shipped with dataset,,,0.0,146.40431733686265,31.238287411150747,4573.4201432022355,0.6705212618166159
full,Catalunya,test,F1-NN raw,0.4284158330046921,1.0,0.0703225806451613,176.30124196394982,26.196526482142936,4618.480153943301,0.2031041130106593
full,Catalunya,test,F1-NN smoothed,0.4284158330046921,1.0,0.0703225806451613,142.61472793034395,32.38780790785313,4618.978413038716,0.1559074410010807
full,Hockenheim,unseen,centerline,,,0.0,138.26829522293292,33.03992323601873,4568.373860140879,0.1034004718954967
full,Hockenheim,unseen,TUM shortest_path,2.7981960409961175,,0.0,151.79293949331483,29.53582782577713,4483.330126043152,0.1872731675306839
full,Hockenheim,unseen,TUM mincurv,7.692837375005183,,0.0,130.95231155702953,34.65878319216411,4538.647774767813,0.1169972533450508
full,Hockenheim,unseen,TUM mincurv_iqp,39.38112862499838,,0.0,121.54040209118872,37.31897475725479,4535.763197627669,0.0789971031522804
full,Hockenheim,unseen,raceline shipped with dataset,,,0.0,142.2366338063887,31.810215836426188,4524.578021227939,0.3818341806061032
full,Hockenheim,unseen,F1-NN raw,0.4744908749999013,1.0,0.1129349967170059,178.25179280509388,25.429384346910695,4532.8333497666235,0.5406569359226125
full,Hockenheim,unseen,F1-NN smoothed,0.4744908749999013,1.0,0.1129349967170059,140.36424684970777,32.280746465720604,4531.0626654072385,0.1622967630990999
full,IMS,unseen,centerline,,,0.0,72.72872028363783,55.30464500412429,4022.236056890843,0.0053889501137293
full,IMS,unseen,TUM shortest_path,2.198048500002187,,0.0,88.98887349231175,44.79241924536614,3986.0269296404776,0.0207170864442556
full,IMS,unseen,TUM mincurv,4.802930791003746,,0.0,69.55133841652874,57.502023206405745,3999.3426756638146,0.0046516505765159
full,IMS,unseen,TUM mincurv_iqp,20.27861333400506,,0.0,69.09624245119178,57.85017213528229,3997.229519702644,0.0043868102150149
full,IMS,unseen,raceline shipped with dataset,,,0.0,71.95330555840518,55.50269194589527,3993.602152897037,0.0059323061204625
full,IMS,unseen,F1-NN raw,0.3753130830009468,1.0,0.0,124.0146009800366,32.386320478625954,4016.376611368386,0.4934856798161864
full,IMS,unseen,F1-NN smoothed,0.3753130830009468,1.0,0.0,77.69017149479849,51.67925962402504,4014.9705429147207,0.0209075478918525
full,Melbourne,train,centerline,,,0.0,159.1784536546544,33.281564079249996,5297.707905343306,0.1056802038826632
full,Melbourne,train,TUM shortest_path,4.447850333002862,,0.0,175.57020138412906,29.678176324390712,5210.6033939869685,0.3201695324014779
full,Melbourne,train,TUM mincurv,12.291771500000324,,0.0,149.74026749824864,35.14598114957476,5262.7686188257285,0.0707608633500087
full,Melbourne,train,TUM mincurv_iqp,44.36906341699796,,0.0,140.2420319907127,37.449734001196816,5252.0267938395245,0.0416614618316709
full,Melbourne,train,raceline shipped with dataset,,,0.0,165.77915892372224,31.620705640009295,5242.053985575341,0.3596761731108912
full,Melbourne,train,F1-NN raw,0.4995114170014858,1.0,0.0260475651189127,193.88066453572776,27.09479050492872,5253.155988551907,0.5059698881719391
full,Melbourne,train,F1-NN smoothed,0.4995114170014858,1.0,0.0260475651189127,158.3151665277211,33.180063655967935,5252.907303094949,0.1082617262346342
full,MexicoCity,test,centerline,,,0.0,138.68748002430348,30.975335492975823,4295.891222428183,0.1324167987277285
full,MexicoCity,test,TUM shortest_path,1.5016785000043456,,0.0,150.1288567894128,28.015947495914663,4206.002169433881,0.5488630589066321
full,MexicoCity,test,TUM mincurv,6.360198209004011,,0.0,133.19928203910234,32.0249044019089,4265.694273705153,0.3477087320491037
full,MexicoCity,test,TUM mincurv_iqp,24.79179908399965,,0.0,121.99715206519215,34.86656721741631,4253.621902814381,0.0639886623412108
full,MexicoCity,test,raceline shipped with dataset,,,0.0,144.9182249858211,29.29126267442396,4244.837794370955,0.4397160416754762
full,MexicoCity,test,F1-NN raw,0.390702541997598,1.0,0.13268156424581,185.0790132699916,22.915953070071172,4241.261982350207,0.3840684987903757
full,MexicoCity,test,F1-NN smoothed,0.390702541997598,1.0,0.13268156424581,142.4992246913795,29.76280522402916,4241.1766690646955,0.3012909928569962
full,Montreal,train,centerline,,,0.0,127.28860679059248,34.22593515094578,4356.571601469055,0.1141412986008781
full,Montreal,train,TUM shortest_path,2.645401916000992,,0.0,144.88393825174873,29.627973988651156,4292.617553896152,0.2339166753585007
full,Montreal,train,TUM mincurv,6.716612625001289,,0.0,121.0208122575376,35.72513896978656,4323.485336136981,0.078634689919274
full,Montreal,train,TUM mincurv_iqp,28.278539665996504,,0.0,117.09645899184594,36.90256140250336,4321.159267962311,0.0699634621140556
full,Montreal,train,raceline shipped with dataset,,,0.0,129.7314657198736,33.23673592472683,4311.85046725919,0.2562049029071162
full,Montreal,train,F1-NN raw,0.4463056660024449,1.0,0.2037164487267722,158.98240573458827,27.180590210069116,4321.235620882786,0.3934879844736557
full,Montreal,train,F1-NN smoothed,0.4463056660024449,1.0,0.2037164487267722,133.9002512934206,32.26089350435096,4319.741747182874,0.1999257985855503
full,Monza,train,centerline,,,0.0,140.82593291918445,41.11014578770048,5789.374632996602,0.0973873444242153
full,Monza,train,TUM shortest_path,5.1507978750014445,,0.0,153.7810857511383,37.379190103953334,5748.21243868415,0.1579777799296897
full,Monza,train,TUM mincurv,14.582802875003836,,0.0,134.94264879665087,42.764094241774366,5770.700150374638,0.0768833412865646
full,Monza,train,TUM mincurv_iqp,58.338941666006576,,0.0,131.6811879676326,43.79497229704515,5766.973979084466,0.0655531315977107
full,Monza,train,raceline shipped with dataset,,,0.0,140.94955424675624,40.85506487983863,5758.50318353556,0.2739438336253464
full,Monza,train,F1-NN raw,0.5555256660009036,1.0,0.1025906735751295,195.61223832312947,29.509312314123815,5772.382633142048,0.1884335769904826
full,Monza,train,F1-NN smoothed,0.5555256660009036,1.0,0.1025906735751295,144.7424414443953,39.87838162499634,5772.094317253282,0.1782782301957167
full,MoscowRaceway,unseen,centerline,,,0.0,145.496919235005,27.917561338440013,4061.9191672973047,0.1095215249379146
full,MoscowRaceway,unseen,TUM shortest_path,1.6054625420001685,,0.0,158.10804963890175,24.97317187191091,3948.459497964915,0.2968720363804177
full,MoscowRaceway,unseen,TUM mincurv,5.403837124998972,,0.0,137.75989703848956,29.08951855404347,4007.369080904259,0.2808565259484514
full,MoscowRaceway,unseen,TUM mincurv_iqp,21.741474375005055,,0.0,126.41042849586184,31.56871279910872,3990.614511998131,0.0454430351260993
full,MoscowRaceway,unseen,raceline shipped with dataset,,,0.0,150.4697749236124,26.42643382575138,3976.379549794547,0.6519650337387193
full,MoscowRaceway,unseen,F1-NN raw,0.4121258749946719,1.0,0.1661742983751846,174.15827174337966,22.909245739761715,3989.8346449812834,0.1868586032034324
full,MoscowRaceway,unseen,F1-NN smoothed,0.4121258749946719,1.0,0.1661742983751846,144.99385665009956,27.52665658802235,3991.1960993802313,0.1514139146671445
full,Norisring,,TUM prep_track failed,,,,,,,
full,Nuerburgring,unseen,centerline,,,0.0,154.5260288899011,33.283887750694625,5143.227000132063,0.06860802924424916
full,Nuerburgring,unseen,TUM shortest_path,3.9448473750017,,0.0,184.53680887915476,27.256913061350915,5029.903756238251,0.2480197147773854
full,Nuerburgring,unseen,TUM mincurv,11.386736583997845,,0.0,145.65046808867558,34.91372583260792,5085.2005102390285,0.0799006720555643
full,Nuerburgring,unseen,TUM mincurv_iqp,43.72264704199915,,0.0,141.48599247260316,35.90156931025608,5079.569165185532,0.04675387264510721
full,Nuerburgring,unseen,raceline shipped with dataset,,,0.0,156.79742337734766,32.31285131472304,5066.571828123913,0.21550818642396968
full,Nuerburgring,unseen,F1-NN raw,0.47752304199821083,1.0,0.06763848396501458,191.20511220540425,26.63753215417489,5093.232324414073,0.20597947180441561
full,Nuerburgring,unseen,F1-NN smoothed,0.47752304199821083,1.0,0.06763848396501458,156.92588972442545,32.45733558995959,5093.396265538669,0.10006199963027945
full,Oschersleben,unseen,centerline,,,0.0,118.69304035204404,31.10271381549716,3691.6756659608823,0.04516067395636167
full,Oschersleben,unseen,TUM shortest_path,1.330037708998134,,0.0,131.2697636930147,27.60077841479742,3623.1476602537186,0.1364918839785686
full,Oschersleben,unseen,TUM mincurv,4.436655000004976,,0.0,109.50438105646812,33.316608242189155,3648.314564461748,0.03301323118632498
full,Oschersleben,unseen,TUM mincurv_iqp,16.700643292002496,,0.0,106.72932198224305,34.155994700640115,3645.446156028406,0.02727231803245028
full,Oschersleben,unseen,raceline shipped with dataset,,,0.0,119.51200402576399,30.391115911555893,3632.1031671693277,0.05742367442240248
full,Oschersleben,unseen,F1-NN raw,0.3790729169995757,1.0,0.10722989439480098,146.13617261277105,24.996308605728995,3652.8648690889067,0.18992702321781843
full,Oschersleben,unseen,F1-NN smoothed,0.3790729169995757,1.0,0.10722989439480098,120.51304794357429,30.310890874072776,3652.857845119581,0.13273557281420534
full,Sakhir,train,centerline,,,0.0,160.4786066471599,33.679009906086925,5404.760582984725,0.10638536463726336
full,Sakhir,train,TUM shortest_path,3.651751916993817,,0.0,173.97558278604686,30.396347455635887,5288.222263161426,0.33407550229101685
full,Sakhir,train,TUM mincurv,12.063511416999972,,0.0,152.28487019846472,35.25946988195093,5369.483794239573,0.10179625376867274
full,Sakhir,train,TUM mincurv_iqp,64.25225962499826,,0.0,142.492213392924,37.62527500359437,5361.308714779618,0.06156886411726495
full,Sakhir,train,raceline shipped with dataset,,,0.0,167.31978789418045,32.01652101266324,5356.997504948385,0.7252753707541779
full,Sakhir,train,F1-NN raw,0.5161778339970624,1.0,0.18201997780244172,205.39500750982828,26.073822799923093,5355.433029800135,0.3192750869381601
full,Sakhir,train,F1-NN smoothed,0.5161778339970624,1.0,0.18201997780244172,165.9179991149007,32.264770679953735,5353.306193119039,0.351236237489508
full,SaoPaulo,train,centerline,,,0.0,129.5325166778747,33.22600235696214,4303.8477044423025,0.07372997979339513
full,SaoPaulo,train,TUM shortest_path,2.955395666002005,,0.0,157.69277477609003,26.658944920888977,4203.922997177935,0.15688251053292424
full,SaoPaulo,train,TUM mincurv,7.411865249996481,,0.0,120.22631475489526,35.42371123253759,4258.862256429583,0.05017705616350309
full,SaoPaulo,train,TUM mincurv_iqp,29.10858637500496,,0.0,113.83139689579522,37.30347910282495,4246.30713534767,0.03807445516872519
full,SaoPaulo,train,raceline shipped with dataset,,,0.0,130.65815861534423,32.40281331980947,4233.691922323054,0.15452224990188063
full,SaoPaulo,train,F1-NN raw,0.4530858750003972,1.0,0.015331010452961672,164.51660192663255,25.881689070005677,4257.967537919,0.21607259516837987
full,SaoPaulo,train,F1-NN smoothed,0.4530858750003972,1.0,0.015331010452961672,130.9583129609878,32.51215457881752,4257.736914368797,0.12159596772481945
full,Sepang,unseen,centerline,,,0.0,169.43042284466745,32.67624435459751,5536.349897975133,0.09304638950645697
full,Sepang,unseen,TUM shortest_path,4.6811741669953335,,0.0,188.08391847750198,28.651531109640445,5388.892241481225,0.309175926206023
full,Sepang,unseen,TUM mincurv,13.80728491699847,,0.0,160.4867042235076,34.079898016568556,5469.3705129523405,0.10109699397675909
full,Sepang,unseen,TUM mincurv_iqp,55.8581042079968,,0.0,149.65419149143327,36.46106653758567,5456.551433597736,0.04945291681119957
full,Sepang,unseen,raceline shipped with dataset,,,0.0,174.3405940476264,31.20629989682602,5440.524862041031,0.20094534416019105
full,Sepang,unseen,F1-NN raw,0.5180716250033583,1.0,0.020043336944745395,205.4580675649879,26.65499859968199,5476.48450323812,0.18149037089027154
full,Sepang,unseen,F1-NN smoothed,0.5180716250033583,1.0,0.020043336944745395,168.68382572452032,32.46967973340215,5477.109797480198,0.12661287584651404
full,Shanghai,,TUM prep_track failed,,,,,,,
full,Silverstone,train,centerline,,,0.0,170.0406392533826,34.61578323655414,5886.089909800191,0.07633339741773175
full,Silverstone,train,TUM shortest_path,6.572572416000185,,0.0,202.730011698012,28.39278291775836,5756.0692130562675,0.19712962473480777
full,Silverstone,train,TUM mincurv,16.316074665999622,,0.0,157.54184838295842,36.979806745661946,5825.867107556178,0.04924706183841579
full,Silverstone,train,TUM mincurv_iqp,61.390240250002535,,0.0,148.3351431168837,39.19610169809485,5814.159355010827,0.041795823951780914
full,Silverstone,train,raceline shipped with dataset,,,0.0,173.01945647137765,33.52466956736275,5800.420106927638,0.10975910257752916
full,Silverstone,train,F1-NN raw,0.5745504580045235,1.0,0.29037187977585327,229.24323105660673,25.466562507801957,5838.037073193562,0.40853481911931544
full,Silverstone,train,F1-NN smoothed,0.5745504580045235,1.0,0.29037187977585327,184.69854862128557,31.598975550374348,5836.284922073631,0.10414474202050589
full,Sochi,unseen,centerline,,,0.0,185.6017009666577,31.46450577481055,5839.865791880062,0.11226209814195899
full,Sochi,unseen,TUM shortest_path,5.729750332997355,,0.0,196.99067222579285,29.136599123254708,5739.638247663392,0.27388558628470827
full,Sochi,unseen,TUM mincurv,15.818534958001692,,0.0,172.306242635948,33.71480165611822,5809.2707945819675,0.129090669385921
full,Sochi,unseen,TUM mincurv_iqp,58.24108129100205,,0.0,155.04255360892847,37.39958993491802,5798.527927436468,0.04262785797567956
full,Sochi,unseen,raceline shipped with dataset,,,0.0,189.41496336168427,30.56895562229259,5790.217609201503,0.6516702849437428
full,Sochi,unseen,F1-NN raw,0.5562792499986244,1.0,0.058038007190549565,230.35163747149696,25.174907547380176,5799.081176732571,0.3878848745629649
full,Sochi,unseen,F1-NN smoothed,0.5562792499986244,1.0,0.058038007190549565,184.43804548944394,31.442694319378408,5799.229085188195,0.3590888986614142
full,Spa,train,centerline,,,0.0,188.0304174957074,37.22287385337365,6999.032511039899,0.12598509192940593
full,Spa,train,TUM shortest_path,10.232013125001686,,0.0,217.13028604916235,31.86338616870823,6918.506153306542,0.638450782375572
full,Spa,train,TUM mincurv,25.02663116599433,,0.0,178.23892268544176,39.02677390560229,6956.090136822862,0.09133761891485052
full,Spa,train,TUM mincurv_iqp,100.08418779200292,,0.0,172.54466954520583,40.30297974114998,6954.064321123849,0.05926349776247611
full,Spa,train,raceline shipped with dataset,,,0.0,188.45882195274237,36.82045467356924,6939.139511545205,0.48543481359733626
full,Spa,train,F1-NN raw,0.6050611669998034,1.0,0.2300771208226221,241.88726137857262,28.781055563585557,6961.770709860241,0.45579668007112006
full,Spa,train,F1-NN smoothed,0.6050611669998034,1.0,0.2300771208226221,194.4192065563126,35.800324117900445,6960.270609461026,0.20809898204078833
full,Spielberg,train,centerline,,,0.0,116.35364351466505,37.08360582856643,4314.812652815373,0.10741847742531291
full,Spielberg,train,TUM shortest_path,2.0824031669981196,,0.0,134.6746615610422,31.636851353874118,4260.6822489399965,0.26797870820722586
full,Spielberg,train,TUM mincurv,6.581719082998461,,0.0,112.65132822683572,38.10250475867051,4292.297769833562,0.06759410424439379
full,Spielberg,train,TUM mincurv_iqp,24.40719587499916,,0.0,107.64167625557498,39.85244162442051,4289.783619330073,0.06473787382747062
full,Spielberg,train,raceline shipped with dataset,,,0.0,118.86618290108468,36.0513788722443,4285.289794864491,0.19830604663608573
full,Spielberg,train,F1-NN raw,0.4127830829966115,1.0,0.05350938151494093,148.67125810281598,28.92415486819023,4300.190493814531,0.31134591253852173
full,Spielberg,train,F1-NN smoothed,0.4127830829966115,1.0,0.05350938151494093,116.4616519352743,36.924609513556746,4300.301021013764,0.11455837507382954
full,Suzuka,unseen,centerline,,,0.0,164.09989098663706,35.35767723137923,5802.1909792100305,0.05880861331551429
full,Suzuka,unseen,TUM shortest_path,7.313089959003264,,0.0,191.84045467539767,29.812986927918082,5719.336967483492,0.19889973127681426
full,Suzuka,unseen,TUM mincurv,15.949311791002401,,0.0,156.48937371133985,36.81568438595426,5761.263392312336,0.0772941578179751
full,Suzuka,unseen,TUM mincurv_iqp,57.58904266599711,,0.0,149.0492330011633,38.65780295878933,5761.915880517651,0.05466989858559777
full,Suzuka,unseen,raceline shipped with dataset,,,0.0,177.47361298239517,32.427255602558844,5754.982210889733,0.6892424040612283
full,Suzuka,unseen,F1-NN raw,0.9123014579963638,1.0,0.12093023255813953,209.860779842901,27.466422936552142,5764.124936959775,0.2537498920154222
full,Suzuka,unseen,F1-NN smoothed,0.9123014579963638,1.0,0.12093023255813953,165.2930352362883,34.870841983732575,5763.90731273615,0.10868786396633294
full,YasMarina,unseen,centerline,,,0.0,182.75112444850177,30.340183559372523,5544.702661449275,0.15631355550940104
full,YasMarina,unseen,TUM shortest_path,4.005407874996308,,0.0,199.19782851381757,27.21961751427145,5422.08870181955,0.437569755646008
full,YasMarina,unseen,TUM mincurv,15.83348625000508,,0.0,170.75415562677958,32.22198550958843,5502.037928308099,0.14124869688106376
full,YasMarina,unseen,TUM mincurv_iqp,82.4002204999997,,0.0,159.79241953955682,34.355934351255854,5489.8178755293475,0.05907392544742504
full,YasMarina,unseen,raceline shipped with dataset,,,0.0,195.03157688725696,28.062689739157435,5473.11063152572,0.6642665993680568
full,YasMarina,unseen,F1-NN raw,0.5483190000013565,1.0,0.08328826392644673,230.22135703662872,23.790628624092104,5477.1108065929475,0.46584545846861236
full,YasMarina,unseen,F1-NN smoothed,0.5483190000013565,1.0,0.08328826392644673,184.69092499384178,29.65734455393604,5477.4423985275225,0.1912853426152954
full,Zandvoort,unseen,centerline,,,0.0,132.95707515242265,32.459713164825125,4315.748522681737,0.09258151425527321
full,Zandvoort,unseen,TUM shortest_path,2.8024008339998545,,0.0,157.94012440951187,26.720892050705466,4220.301014821558,0.21228779141083737
full,Zandvoort,unseen,TUM mincurv,6.356379750002816,,0.0,127.78495113191084,33.37864551145355,4265.288585530467,0.05208352996055092
full,Zandvoort,unseen,TUM mincurv_iqp,25.114892041994608,,0.0,122.58845916579259,34.750889004463815,4260.0579376987025,0.04051429426844154
full,Zandvoort,unseen,raceline shipped with dataset,,,0.0,134.79466417145076,31.492977786848616,4245.085364537218,0.1785628725738886
full,Zandvoort,unseen,F1-NN raw,0.4428248329932103,1.0,0.05350938151494093,163.79182161961458,26.12041105539766,4278.309708216702,0.19682142692799806
full,Zandvoort,unseen,F1-NN smoothed,0.4428248329932103,1.0,0.05350938151494093,131.4384835323013,32.54994496793086,4278.315405644694,0.26771702178944756
